<application>
  <component name="TipsStore">
    <entry projectPath="D:/idea_workplace/antenna" startUpFlag="FIRST" />
    <entry projectPath="D:/idea_workplace/biot" startUpFlag="FIRST" />
    <entry projectPath="D:/idea_workplace/das" startUpFlag="FIRST" />
    <entry projectPath="D:/idea_workplace/data-v" startUpFlag="FIRST" />
    <entry projectPath="D:/idea_workplace/glad" startUpFlag="FIRST" />
    <entry projectPath="D:/idea_workplace/hii" startUpFlag="FIRST" />
    <entry projectPath="D:/idea_workplace/hiiadmin" startUpFlag="FIRST" />
    <entry projectPath="D:/idea_workplace/hiilecture" startUpFlag="FIRST" />
    <entry projectPath="D:/idea_workplace/jobStation" startUpFlag="FIRST" />
    <entry projectPath="D:/idea_workplace/message-station" startUpFlag="FIRST" />
    <entry projectPath="D:/idea_workplace/mofang" startUpFlag="FIRST" />
    <entry projectPath="D:/idea_workplace/pad" startUpFlag="FIRST" />
    <entry projectPath="D:/idea_workplace/product360" startUpFlag="FIRST" />
    <entry projectPath="D:/idea_workplace/small-demo" startUpFlag="FIRST" />
    <entry projectPath="D:/idea_workplace/xjob" startUpFlag="FIRST" />
    <entry projectPath="D:/idea_workplace/xxl-job-admin" startUpFlag="FIRST" />
    <entry projectPath="D:/学习代码/idea_Workspace/Java-test" startUpFlag="FIRST" />
  </component>
</application>