<application>
  <component name="FeatureSuggesterSettings">
    <option name="workingDays">
      <list>
        <option value="1677115871564" />
        <option value="1677202210088" />
        <option value="1677289082837" />
        <option value="1677465177628" />
        <option value="1677548142668" />
        <option value="1677634164090" />
        <option value="1677720815392" />
        <option value="1677807033683" />
        <option value="1678066360498" />
        <option value="1678152547182" />
        <option value="1678239484423" />
        <option value="1678325488029" />
        <option value="1678411639598" />
        <option value="1678525837384" />
        <option value="1678672906390" />
        <option value="1678757815289" />
        <option value="1678843167053" />
        <option value="1678930872576" />
        <option value="1679016630333" />
        <option value="1679275867648" />
        <option value="1679362677595" />
        <option value="1679448515708" />
        <option value="1679535964147" />
        <option value="1679621908924" />
        <option value="1679708838771" />
        <option value="1679880653944" />
        <option value="1679967150063" />
        <option value="1680053322163" />
        <option value="1680142031578" />
        <option value="1680228204947" />
      </list>
    </option>
  </component>
</application>