<application>
  <component name="FileTypeManager" version="18">
    <extensionMap>
      <mapping ext="gson" type="Gradle" />
      <mapping ext="interface" type="JQL" />
      <mapping ext="space.kts" type="Kotlin" />
      <mapping ext="gradle.kts" type="Kotlin" />
      <mapping ext="main.kts" type="Kotlin" />
      <mapping ext="bak" type="PLAIN_TEXT" />
      <mapping ext="yaml" type="PLAIN_TEXT" />
      <removed_mapping ext="apk" approved="true" type="ARCHIVE" />
      <removed_mapping ext="gson" approved="true" type="AUTO_DETECTED" />
      <removed_mapping ext="gson" approved="true" type="Groovy" />
      <removed_mapping ext="gson" approved="true" type="JSON" />
      <removed_mapping ext="gson" approved="true" type="Native" />
      <removed_mapping ext="gson" approved="true" type="gdsl" />
      <removed_mapping ext="json" approved="true" type="JSON" />
      <removed_mapping ext="psd" approved="true" type="Image" />
      <removed_mapping ext="yaml" approved="true" type="AlibabaCloudROS (YAML)" />
      <removed_mapping ext="yaml" approved="true" type="YAML" />
    </extensionMap>
  </component>
</application>