<application>
  <component name="AppStorage">
    <histories>
      <item value="duration Title" />
      <item value="Whether the property specified via target() should be ignored by the generated mapping method or not. This can be useful when certain attributes should not be propagated from source or target or when properties in the target object are populated using a decorator and thus would be reported as unmapped target property by default." />
      <item value="term Of Validity" />
      <item value="Duty" />
      <item value="set Sharding Key" />
      <item value="decrpt" />
      <item value="period" />
      <item value="promoter Ids" />
      <item value="Roster" />
      <item value="leave Direction Map" />
      <item value="register Permissions" />
      <item value="registration Opt Bit" />
      <item value="multiple" />
      <item value="Moral Detail" />
      <item value="origin Date" />
      <item value="Terminal" />
      <item value="Staff" />
      <item value="Algorithm" />
      <item value="Content Encryption Algorithm Identifiers" />
      <item value="Seconds" />
      <item value="except" />
      <item value="bureau" />
      <item value="set Not Before Minutes In The Past" />
      <item value="compute If Absent" />
      <item value="Complete" />
      <item value="trust All Certs" />
      <item value="Jpa Specification Executor" />
      <item value="Predicate" />
      <item value="Specification" />
      <item value="intersection" />
      <item value="disabled" />
      <item value="available" />
      <item value="Jpa Repository" />
      <item value="Docking Yr Access Service" />
      <item value="Docking Yr Access" />
      <item value="Set the cell's using this style to be locked Params: locked – - whether the cell using this style should be locked" />
      <item value="traffic Direction" />
      <item value="Device Firm" />
      <item value="Agency" />
      <item value="stop Refresh After Last Access" />
      <item value="lean Cloud" />
      <item value="reat" />
      <item value="module" />
      <item value="alarm" />
      <item value="alarm Type" />
      <item value="appellation" />
      <item value="require Confirm" />
      <item value="required" />
      <item value="BUREAU" />
      <item value="require" />
    </histories>
    <option name="languageScores">
      <map>
        <entry key="CHINESE" value="119" />
        <entry key="ENGLISH" value="120" />
        <entry key="GREEK" value="1" />
      </map>
    </option>
  </component>
  <component name="Cache">
    <option name="lastTrimTime" value="1664273861303" />
  </component>
  <component name="Translation.Cache">
    <option name="lastTrimTime" value="1673528059628" />
  </component>
  <component name="Translation.States">
    <histories>
      <item value="traffic Direction" />
      <item value="Ordinary" />
      <item value="compact" />
      <item value="Authentication Entry Point" />
      <item value="Parametric Nullness" />
      <item value="synthesis" />
      <item value="set Wrap Text" />
      <item value="cylinder Number" />
      <item value="violation Flag" />
    </histories>
    <option name="languageScores">
      <map>
        <entry key="CHINESE" value="1" />
        <entry key="ENGLISH" value="1" />
      </map>
    </option>
  </component>
</application>